kind,key,value,text
trophy,time,,Fastest
trophy,money,,On budget
trophy,quality,,Best built
rule,trophies_to_win,2,
points,review_passed,0,Passed on the first try
points,review_sent_back,1,Sent back
points,violation,2,Violation
points,cut_corner,2,Cut a corner
review,review_passed,,
review,review_sent_back,,
space_event,CHEAT-BYPASS,cut_corner,
mat,scope,scope_set,Scope chosen
mat,funded,funded,Funded
mat,architect,architect_paid,Architect
mat,engineer,engineer_paid,Engineer
mat,dob,dob_approved,DOB approved
mat,fdny,fdny_approved,FDNY approved
mat,builder,builder_hired,Builder hired
mat,finish,finished,Finished
